Parent,Keyword
,a
a,airtel
airtel,airtel data
airtel,airtel recharge
airtel,airtel customer care number
airtel,airtel login
airtel,airtel data plan
airtel,airtel balance check
airtel,airtel agent registration
airtel,airtel sim registration
airtel,airtel night plan
airtel,airtel 5g
a,mtn
mtn,mtn data plan
mtn,mtn recharge card
mtn,mtn customer care
mtn,mtn sim swap
mtn,mtn night browsing
mtn,mtn xtratalk
mtn,mtn momo agent
mtn,mtn 5g coverage
mtn,mtn data gift
mtn,mtn share data
a,glo
glo,glo data plan
glo,glo recharge
glo,glo customer care
glo,glo sim registration
glo,glo night plan
glo,glo agent login
glo,glo data top up
glo,glo unlimited data
a,jamb
jamb,jamb result
jamb,jamb portal
jamb,jamb registration
jamb,jamb cut off mark
jamb,jamb cbt centre
jamb,jamb syllabus
jamb,jamb past questions
jamb,jamb profile code
jamb,jamb correction
a,waec
waec,waec result checker
waec,waec portal
waec,waec timetable
waec,waec syllabus
waec,waec grading system
waec,waec past questions
waec,waec registration
waec,waec verification
a,neco
neco,neco result checker
neco,neco registration
neco,neco timetable
neco,neco past questions
neco,neco portal
a,nysc
nysc,nysc portal
nysc,nysc call up letter
nysc,nysc camp date
nysc,nysc clearance
nysc,nysc relocation letter
nysc,nysc biodata
a,cgpa
cgpa,cgpa calculator
cgpa,cgpa calculator university
cgpa,cgpa to gpa converter
cgpa,cgpa meaning
a,opay
opay,opay customer care
opay,opay agent
opay,opay login
opay,opay transfer failed
opay,opay loan
opay,opay app download
a,palmpay
palmpay,palmpay agent
palmpay,palmpay loan
palmpay,palmpay customer care
palmpay,palmpay login
palmpay,palmpay transfer
a,gtbank
gtbank,gtbank internet banking
gtbank,gtbank customer care
gtbank,gtbank ussd code
gtbank,gtbank mobile app
gtbank,gtbank transfer code
a,access bank
access bank,access bank customer care
access bank,access bank ussd code
access bank,access bank mobile app
access bank,access bank transfer limit
a,first bank
first bank,first bank ussd code
first bank,first bank customer care
first bank,first bank mobile app
first bank,first bank transfer code
a,uba
uba,uba ussd code
uba,uba mobile banking
uba,uba customer care
uba,uba transfer code
a,amazon
amazon,amazon prime
amazon,amazon jobs
amazon,amazon delivery nigeria
amazon,amazon seller account
amazon,amazon gift card
a,jumia
jumia,jumia food
jumia,jumia black friday
jumia,jumia seller centre
jumia,jumia customer care
jumia,jumia delivery
a,konga
konga,konga seller
konga,konga delivery
konga,konga customer care
a,apple
apple,apple id
apple,apple music
apple,apple store nigeria
apple,apple watch
apple,apple airpods price
a,asus
asus,asus laptop price
asus,asus rog
asus,asus vivobook
asus,asus zenbook
a,infinix
infinix,infinix hot 40
infinix,infinix note 40
infinix,infinix price
infinix,infinix zero 30
a,tecno
tecno,tecno camon
tecno,tecno spark
tecno,tecno phantom
tecno,tecno price
